{
  "shape": [
    1,
    3,
    384,
    640
  ],
  "ratio": 0.1388888888888889,
  "pad": [
    0,
    12
  ],
  "orig_shape": [
    2592,
    4608
  ],
  "first_5_values_red": [
    0.800000011920929,
    0.529411792755127,
    0.800000011920929,
    0.8196078538894653,
    0.7686274647712708
  ]
}