{
  "shape": [
    1,
    3,
    384,
    640
  ],
  "ratio": 0.15873015873015872,
  "pad": [
    0,
    12
  ],
  "orig_shape": [
    2268,
    4032
  ],
  "first_5_values_red": [
    0.0,
    0.0,
    0.0235294122248888,
    0.03921568766236305,
    0.0941176488995552
  ]
}