{
  "shape": [
    1,
    3,
    384,
    640
  ],
  "ratio": 0.15873015873015872,
  "pad": [
    0,
    12
  ],
  "orig_shape": [
    2268,
    4032
  ],
  "first_5_values_red": [
    0.21960784494876862,
    0.22745098173618317,
    0.20392157137393951,
    0.1882352977991104,
    0.08235294371843338
  ]
}