{
  "shape": [
    1,
    3,
    384,
    640
  ],
  "ratio": 0.15873015873015872,
  "pad": [
    0,
    12
  ],
  "orig_shape": [
    2268,
    4032
  ],
  "first_5_values_red": [
    0.5137255191802979,
    0.5372549295425415,
    0.545098066329956,
    0.5333333611488342,
    0.5490196347236633
  ]
}