{
  "shape": [
    1,
    3,
    640,
    384
  ],
  "ratio": 0.15873015873015872,
  "pad": [
    12,
    0
  ],
  "orig_shape": [
    4032,
    2268
  ],
  "first_5_values_red": [
    0.6901960968971252,
    0.6941176652908325,
    0.6980392336845398,
    0.7058823704719543,
    0.7098039388656616
  ]
}