{
  "shape": [
    1,
    3,
    384,
    640
  ],
  "ratio": 0.15873015873015872,
  "pad": [
    0,
    12
  ],
  "orig_shape": [
    2268,
    4032
  ],
  "first_5_values_red": [
    0.5058823823928833,
    0.9843137264251709,
    0.9843137264251709,
    0.7098039388656616,
    0.9921568632125854
  ]
}