{
  "shape": [
    1,
    3,
    640,
    480
  ],
  "ratio": 0.24691358024691357,
  "pad": [
    0,
    0
  ],
  "orig_shape": [
    2592,
    1944
  ],
  "first_5_values_red": [
    0.8941176533699036,
    0.8980392217636108,
    0.886274516582489,
    0.8941176533699036,
    0.8941176533699036
  ]
}